company,job_id,title,location,url
Point72,8250290002,Academy Senior Recruiter,"New York, NY",https://boards.greenhouse.io/point72/jobs/8250290002?gh_jid=8250290002
Point72,8560137002,Access and Identity Management - Business Analyst,"Bengaluru, India ",https://boards.greenhouse.io/point72/jobs/8560137002?gh_jid=8560137002
Point72,8522115002,"Administrative Assistant, Investment Professional Development",Singapore,https://boards.greenhouse.io/point72/jobs/8522115002?gh_jid=8522115002
Point72,8041300002,AI/ML – Investment Services,"Bengaluru, India",https://boards.greenhouse.io/point72/jobs/8041300002?gh_jid=8041300002
Point72,8511578002,"AI Product Analyst, Market Intelligence",Hong Kong,https://boards.greenhouse.io/point72/jobs/8511578002?gh_jid=8511578002
Point72,8448402002,"AI Validation Engineer, Macro Technology","New York, NY; Stamford, CT",https://boards.greenhouse.io/point72/jobs/8448402002?gh_jid=8448402002
Point72,8222788002,"Analyst Coach, Investment Professional Development",Hong Kong,https://boards.greenhouse.io/point72/jobs/8222788002?gh_jid=8222788002
Point72,8367891002,"Associate, Macro Valuation","New York, NY",https://boards.greenhouse.io/point72/jobs/8367891002?gh_jid=8367891002
Point72,8375256002,"Associate, Payroll  ","Bengaluru, India",https://boards.greenhouse.io/point72/jobs/8375256002?gh_jid=8375256002
Point72,8409245002,"Business Analyst, Equities Technology","New York, NY",https://boards.greenhouse.io/point72/jobs/8409245002?gh_jid=8409245002
Point72,8487609002,"Business Analyst, Operations",United States,https://boards.greenhouse.io/point72/jobs/8487609002?gh_jid=8487609002
Point72,8344959002,"Business Development Analyst, Japan",Singapore,https://boards.greenhouse.io/point72/jobs/8344959002?gh_jid=8344959002
Point72,8599785002,Business Intelligence Analyst,United States,https://boards.greenhouse.io/point72/jobs/8599785002?gh_jid=8599785002
Point72,8466850002,Business Intelligence Analyst,"Stamford, CT",https://boards.greenhouse.io/point72/jobs/8466850002?gh_jid=8466850002
Point72,8603172002,Canvas Compliance Officer,"London, UK",https://boards.greenhouse.io/point72/jobs/8603172002?gh_jid=8603172002
Point72,8545515002,Canvas Fundamental Researcher,Singapore,https://boards.greenhouse.io/point72/jobs/8545515002?gh_jid=8545515002
Point72,8402417002,Central Funding Application Delivery Manager,Warsaw,https://boards.greenhouse.io/point72/jobs/8402417002?gh_jid=8402417002
Point72,8518660002,Compensation and Analytics Associate,"Stamford, CT and New York, NY",https://boards.greenhouse.io/point72/jobs/8518660002?gh_jid=8518660002
Point72,8433957002,Compliance Analyst - Primary Research,"New York, NY",https://boards.greenhouse.io/point72/jobs/8433957002?gh_jid=8433957002
Point72,8281743002,Corporate Access Associate,Tokyo,https://boards.greenhouse.io/point72/jobs/8281743002?gh_jid=8281743002
Point72,7707006002,Credit Analyst,Florida,https://boards.greenhouse.io/point72/jobs/7707006002?gh_jid=7707006002
Point72,7605647002,"Credit Research Analyst, Global Macro",New York,https://boards.greenhouse.io/point72/jobs/7605647002?gh_jid=7605647002
Point72,8530310002,Cubist Business Analyst,Hong Kong ,https://boards.greenhouse.io/point72/jobs/8530310002?gh_jid=8530310002
Point72,7045938002,Cubist Data Scientist,New York,https://boards.greenhouse.io/point72/jobs/7045938002?gh_jid=7045938002
Point72,7001158002,Cubist Data Scientist,Singapore,https://boards.greenhouse.io/point72/jobs/7001158002?gh_jid=7001158002
Point72,8603359002,Cubist Execution Trader,"Paris, London, New York",https://boards.greenhouse.io/point72/jobs/8603359002?gh_jid=8603359002
Point72,7045996002,Cubist Portfolio Manager,Singapore,https://boards.greenhouse.io/point72/jobs/7045996002?gh_jid=7045996002
Point72,7045941002,Cubist Portfolio Manager,"Dubai, Paris, Hong Kong, London, Sydney",https://boards.greenhouse.io/point72/jobs/7045941002?gh_jid=7045941002
Point72,7046005002,Cubist Portfolio Manager,New York,https://boards.greenhouse.io/point72/jobs/7046005002?gh_jid=7046005002
Point72,7666604002,Cubist Quantitative Developer,Hong Kong ,https://boards.greenhouse.io/point72/jobs/7666604002?gh_jid=7666604002
Point72,7318005002,Cubist Quantitative Researcher,New York,https://boards.greenhouse.io/point72/jobs/7318005002?gh_jid=7318005002
Point72,7045980002,Cubist Quantitative Researcher,Singapore,https://boards.greenhouse.io/point72/jobs/7045980002?gh_jid=7045980002
Point72,7045936002,Cubist Quantitative Researcher,"Dubai, London, Paris, Hong Kong, Sydney, Toronto",https://boards.greenhouse.io/point72/jobs/7045936002?gh_jid=7045936002
Point72,7318012002,Cubist Quantitative Researcher,"Dubai, London, Paris, Hong Kong, Sydney, Toronto",https://boards.greenhouse.io/point72/jobs/7318012002?gh_jid=7318012002
Point72,7045987002,Cubist Quantitative Researcher,"Chicago, New York, Seattle ",https://boards.greenhouse.io/point72/jobs/7045987002?gh_jid=7045987002
Point72,7046019002,Cubist Quantitative Researcher,Singapore,https://boards.greenhouse.io/point72/jobs/7046019002?gh_jid=7046019002
Point72,7666631002,Cubist Quantitative Researcher,Hong Kong,https://boards.greenhouse.io/point72/jobs/7666631002?gh_jid=7666631002
Point72,7297555002,Cubist Quantitative Researcher,Hong Kong,https://boards.greenhouse.io/point72/jobs/7297555002?gh_jid=7297555002
Point72,7045979002,Cubist Senior Data Scientist,New York,https://boards.greenhouse.io/point72/jobs/7045979002?gh_jid=7045979002
Point72,7045995002,Cubist Senior Data Scientist,Singapore,https://boards.greenhouse.io/point72/jobs/7045995002?gh_jid=7045995002
Point72,8488671002,Database Support Engineer,"Bengaluru, India",https://boards.greenhouse.io/point72/jobs/8488671002?gh_jid=8488671002
Point72,7829230002,Data Engineer,New York,https://boards.greenhouse.io/point72/jobs/7829230002?gh_jid=7829230002
Point72,8139593002,"Data Engineer, Investment Services",Warsaw,https://boards.greenhouse.io/point72/jobs/8139593002?gh_jid=8139593002
Point72,8448917002,"Data Engineer, Knowledge Graph   ","New York, NY",https://boards.greenhouse.io/point72/jobs/8448917002?gh_jid=8448917002
Point72,8163904002,"Data Engineer, Market Intelligence ",Warsaw,https://boards.greenhouse.io/point72/jobs/8163904002?gh_jid=8163904002
Point72,7667745002,"Data Engineer, Proprietary Research ","New York, NY",https://boards.greenhouse.io/point72/jobs/7667745002?gh_jid=7667745002
Point72,7992718002,"Data Engineer, Technology ",New York | Stamford ,https://boards.greenhouse.io/point72/jobs/7992718002?gh_jid=7992718002
Point72,7827577002,Data Operations Analyst,New York,https://boards.greenhouse.io/point72/jobs/7827577002?gh_jid=7827577002
Point72,8236337002,Data Reliability Engineer,"Bengaluru, India",https://boards.greenhouse.io/point72/jobs/8236337002?gh_jid=8236337002
Point72,8568268002,Data Scientist,"New York, NY",https://boards.greenhouse.io/point72/jobs/8568268002?gh_jid=8568268002
Point72,8372544002,Data Scientist,"Chicago, New York",https://boards.greenhouse.io/point72/jobs/8372544002?gh_jid=8372544002
Point72,8372529002,Data Scientist,"Dubai, Hong Kong, London, Singapore",https://boards.greenhouse.io/point72/jobs/8372529002?gh_jid=8372529002
Point72,7695570002,"Data Scientist, Proprietary Research","New York, NY",https://boards.greenhouse.io/point72/jobs/7695570002?gh_jid=7695570002
Point72,8475068002,Data Sourcing & Strategy Operations Analyst,"New York, NY",https://boards.greenhouse.io/point72/jobs/8475068002?gh_jid=8475068002
Point72,8531774002,"Devops Engineer, Surveillance",Stamford,https://boards.greenhouse.io/point72/jobs/8531774002?gh_jid=8531774002
Point72,8100113002,DevSecOps Engineer,"Bengaluru, India",https://boards.greenhouse.io/point72/jobs/8100113002?gh_jid=8100113002
Point72,8488485002,Digital Communications Associate,"New York, NY",https://boards.greenhouse.io/point72/jobs/8488485002?gh_jid=8488485002
Point72,8524553002,Employee Relations Specialist,"New York, NY or Stamford, CT",https://boards.greenhouse.io/point72/jobs/8524553002?gh_jid=8524553002
Point72,7297561002,Equity Quantitative Researcher,New York,https://boards.greenhouse.io/point72/jobs/7297561002?gh_jid=7297561002
Point72,8540390002,Executive Assistant,"Stamford, CT",https://boards.greenhouse.io/point72/jobs/8540390002?gh_jid=8540390002
Point72,8550082002,"Fund Accounting Associate, Private Credit","New York, NY, and Stamford, CT",https://boards.greenhouse.io/point72/jobs/8550082002?gh_jid=8550082002
Point72,7302589002,Fundamental Data Researcher,"Chicago, New York",https://boards.greenhouse.io/point72/jobs/7302589002?gh_jid=7302589002
Point72,4644225002,Fundamental Researcher - Canvas ,"New York, NY ",https://boards.greenhouse.io/point72/jobs/4644225002?gh_jid=4644225002
Point72,8492784002,"Fundamental Research Fellowship, Canvas ","New York, NY",https://boards.greenhouse.io/point72/jobs/8492784002?gh_jid=8492784002
Point72,8389369002,Fund Flow Quantitative Developer,"New York, Stamford",https://boards.greenhouse.io/point72/jobs/8389369002?gh_jid=8389369002
Point72,8389431002,Fund Flow Quantitative Researcher,"New York, Stamford, London",https://boards.greenhouse.io/point72/jobs/8389431002?gh_jid=8389431002
Point72,8498380002,Fund Reporting Associate,New York,https://boards.greenhouse.io/point72/jobs/8498380002?gh_jid=8498380002
Point72,8399360002,GenAI Security Engineer,"New York, NY",https://boards.greenhouse.io/point72/jobs/8399360002?gh_jid=8399360002
Point72,8555522002,Global Technology Services Engineer    ,"London, UK",https://boards.greenhouse.io/point72/jobs/8555522002?gh_jid=8555522002
Point72,8414212002,"Head of Compliance, Hong Kong",Singapore,https://boards.greenhouse.io/point72/jobs/8414212002?gh_jid=8414212002
Point72,8519616002,Hr Analyst,Japan,https://boards.greenhouse.io/point72/jobs/8519616002?gh_jid=8519616002
Point72,8511571002,HR Analyst,"Bengaluru, India ",https://boards.greenhouse.io/point72/jobs/8511571002?gh_jid=8511571002
Point72,8580591002,HR Business Partner,"New York, NY and Stamford, CT",https://boards.greenhouse.io/point72/jobs/8580591002?gh_jid=8580591002
Point72,8488737002,Identity & Privileged Governance Analyst,"New York, NY",https://boards.greenhouse.io/point72/jobs/8488737002?gh_jid=8488737002
Point72,8557641002,Identity Remediation & Onboarding Analyst,"Bengaluru, India ",https://boards.greenhouse.io/point72/jobs/8557641002?gh_jid=8557641002
Point72,8568264002,Identity Remediation & Onboarding Lead,"Bengaluru, India ",https://boards.greenhouse.io/point72/jobs/8568264002?gh_jid=8568264002
Point72,6732930002,Investment Services Emerging Talent Network,"Stamford, CT and New York, NY",https://boards.greenhouse.io/point72/jobs/6732930002?gh_jid=6732930002
Point72,8530081002,Investor Relations Coordinator,"New York, NY or Stamford, CT",https://boards.greenhouse.io/point72/jobs/8530081002?gh_jid=8530081002
Point72,8342483002,IT Operation Engineer - Research,India,https://boards.greenhouse.io/point72/jobs/8342483002?gh_jid=8342483002
Point72,8236937002,"It Operations Engineer, Application Support","Bengaluru, India ",https://boards.greenhouse.io/point72/jobs/8236937002?gh_jid=8236937002
Point72,8244769002,"IT Operations Engineer, Application Support","Bengaluru, India ",https://boards.greenhouse.io/point72/jobs/8244769002?gh_jid=8244769002
Point72,8342481002,IT Operations Engineer (Application Support) - AI & Data Technology,India,https://boards.greenhouse.io/point72/jobs/8342481002?gh_jid=8342481002
Point72,8574616002,"It Operations Engineer, End User Computing","New York, NY",https://boards.greenhouse.io/point72/jobs/8574616002?gh_jid=8574616002
Point72,8574600002,"IT Operations Engineer, End User Computing","New York, NY",https://boards.greenhouse.io/point72/jobs/8574600002?gh_jid=8574600002
Point72,8099477002,Linux Engineer,"Bengaluru, India",https://boards.greenhouse.io/point72/jobs/8099477002?gh_jid=8099477002
Point72,8445688002,Linux Security Lead,New York,https://boards.greenhouse.io/point72/jobs/8445688002?gh_jid=8445688002
Point72,8050478002,Low-Latency Market Data Engineer,"New York, London",https://boards.greenhouse.io/point72/jobs/8050478002?gh_jid=8050478002
Point72,8170176002,Machine Learning Engineer,New York,https://boards.greenhouse.io/point72/jobs/8170176002?gh_jid=8170176002
Point72,8487494002,"Machine Learning Engineer, GenAI Technology","Bengaluru, India ",https://boards.greenhouse.io/point72/jobs/8487494002?gh_jid=8487494002
Point72,8472280002,"Machine Learning Infrastructure Engineer, GenAI Technology  ",United States,https://boards.greenhouse.io/point72/jobs/8472280002?gh_jid=8472280002
Point72,8568593002,Macro and Alternatives Trade Support Analyst,"Stamford, CT",https://boards.greenhouse.io/point72/jobs/8568593002?gh_jid=8568593002
Point72,8568526002,Macro and Alternatives Trade Support Senior Associate,"Stamford, CT",https://boards.greenhouse.io/point72/jobs/8568526002?gh_jid=8568526002
Point72,7302643002,Macro Quantitative Researcher,New York,https://boards.greenhouse.io/point72/jobs/7302643002?gh_jid=7302643002
Point72,7864033002,Macro Quant Researcher,Taiwan,https://boards.greenhouse.io/point72/jobs/7864033002?gh_jid=7864033002
Point72,8485894002,"Macro Valuation & Intraday Pricing Specialist, Hong Kong",Hong Kong,https://boards.greenhouse.io/point72/jobs/8485894002?gh_jid=8485894002
Point72,8550084002,"Manager, Fund Asset Allocation and Analysis","Stamford, CT",https://boards.greenhouse.io/point72/jobs/8550084002?gh_jid=8550084002
Point72,8324407002,"Manager, India Finance","Bengaluru, India",https://boards.greenhouse.io/point72/jobs/8324407002?gh_jid=8324407002
Point72,8568267002,"Manager, Real Time Communications Technology",United States,https://boards.greenhouse.io/point72/jobs/8568267002?gh_jid=8568267002
Point72,8606337002,Market Data Operations,India,https://boards.greenhouse.io/point72/jobs/8606337002?gh_jid=8606337002
Point72,7798698002,Market Data Solutions Specialist,New York,https://boards.greenhouse.io/point72/jobs/7798698002?gh_jid=7798698002
Point72,6656054002,Market Intelligence Emerging Talent Network,"New York, NY",https://boards.greenhouse.io/point72/jobs/6656054002?gh_jid=6656054002
Point72,8384470002,Microstructure Quantitative Researcher,New York,https://boards.greenhouse.io/point72/jobs/8384470002?gh_jid=8384470002
Point72,8479488002,Mission Control Specialist,"Bengaluru, India ",https://boards.greenhouse.io/point72/jobs/8479488002?gh_jid=8479488002
Point72,8468870002,Mortgage Valuation Specialist,New York,https://boards.greenhouse.io/point72/jobs/8468870002?gh_jid=8468870002
Point72,8556047002,Network Delivery Lead,"New York, NY",https://boards.greenhouse.io/point72/jobs/8556047002?gh_jid=8556047002
Point72,8556046002,Network Support Engineer,India,https://boards.greenhouse.io/point72/jobs/8556046002?gh_jid=8556046002
Point72,8576951002,Network Support Engineer,"New York, NY; Stamford, CT",https://boards.greenhouse.io/point72/jobs/8576951002?gh_jid=8576951002
Point72,7661997002,NLP / AI Engineer,New York,https://boards.greenhouse.io/point72/jobs/7661997002?gh_jid=7661997002
Point72,8018850002,NLP Engineer,New York,https://boards.greenhouse.io/point72/jobs/8018850002?gh_jid=8018850002
Point72,7825077002,NLP Engineer,New York,https://boards.greenhouse.io/point72/jobs/7825077002?gh_jid=7825077002
Point72,8599908002,Observability Engineer,United States,https://boards.greenhouse.io/point72/jobs/8599908002?gh_jid=8599908002
Point72,8548455002,Platform Engineer,Warsaw,https://boards.greenhouse.io/point72/jobs/8548455002?gh_jid=8548455002
Point72,8467512002,Platform Project Manager,New York,https://boards.greenhouse.io/point72/jobs/8467512002?gh_jid=8467512002
Point72,8017312002,PM Administrative Assistant ,"New York, NY",https://boards.greenhouse.io/point72/jobs/8017312002?gh_jid=8017312002
Point72,8532298002,PM Administrative Assistant ,Miami,https://boards.greenhouse.io/point72/jobs/8532298002?gh_jid=8532298002
Point72,8547037002,Pnl Rec And Analysis Associate,Warsaw,https://boards.greenhouse.io/point72/jobs/8547037002?gh_jid=8547037002
Point72,8499113002,Point72 Academy 2026-2027 Investment Analyst Program for Experienced Professionals - US,"Chicago, Florida, New York, San Francisco",https://boards.greenhouse.io/point72/jobs/8499113002?gh_jid=8499113002
Point72,8538913002,Point72 Academy 2026 Investment Analyst Program for Experienced Professionals – Hong Kong,Hong Kong,https://boards.greenhouse.io/point72/jobs/8538913002?gh_jid=8538913002
Point72,8539271002,Point72 Academy 2026 Investment Analyst Program for Experienced Professionals – Japan,Tokyo,https://boards.greenhouse.io/point72/jobs/8539271002?gh_jid=8539271002
Point72,8539265002,Point72 Academy 2026 Investment Analyst Program for Experienced Professionals – Singapore,Singapore,https://boards.greenhouse.io/point72/jobs/8539265002?gh_jid=8539265002
Point72,8500397002,Point72 Academy 2026 Investment Analyst Program for Experienced Professionals - UK,"London, UK",https://boards.greenhouse.io/point72/jobs/8500397002?gh_jid=8500397002
Point72,8572402002,Point72 Academy Investment Analyst Program for Upcoming Graduates (2027 – HK),Hong Kong,https://boards.greenhouse.io/point72/jobs/8572402002?gh_jid=8572402002
Point72,8572400002,Point72 Academy Investment Analyst Program for Upcoming Graduates (2027 – JP),Japan,https://boards.greenhouse.io/point72/jobs/8572400002?gh_jid=8572400002
Point72,8572401002,Point72 Academy Investment Analyst Program for Upcoming Graduates (2027 – SG),Singapore,https://boards.greenhouse.io/point72/jobs/8572401002?gh_jid=8572401002
Point72,8549734002,Point72 Academy Investment Analyst Program for Upcoming Graduates (2027 – UK),London,https://boards.greenhouse.io/point72/jobs/8549734002?gh_jid=8549734002
Point72,8541241002,Point72 Academy Investment Analyst Program for Upcoming Graduates (2027 – US),"Chicago, Florida, New York, San Francisco",https://boards.greenhouse.io/point72/jobs/8541241002?gh_jid=8541241002
Point72,8003977002,Point72 Fund Flow Analyst,"New York, Stamford, London",https://boards.greenhouse.io/point72/jobs/8003977002?gh_jid=8003977002
Point72,8187982002,Point72 Fund Flow Strategist,"New York, Stamford, London, Hong Kong",https://boards.greenhouse.io/point72/jobs/8187982002?gh_jid=8187982002
Point72,7833222002,Power & Gas Trading Risk Manager,London,https://boards.greenhouse.io/point72/jobs/7833222002?gh_jid=7833222002
Point72,7827359002,Power & Gas Trading Risk Manager,New York/Stamford ,https://boards.greenhouse.io/point72/jobs/7827359002?gh_jid=7827359002
Point72,8408285002,"Product Designer, Knowledge Graph Intelligence","Stamford, CT",https://boards.greenhouse.io/point72/jobs/8408285002?gh_jid=8408285002
Point72,8530258002,"Product Strategist, Fundamental Equities",London,https://boards.greenhouse.io/point72/jobs/8530258002?gh_jid=8530258002
Point72,8530259002,"Product Strategist, L/S Equities",Singapore,https://boards.greenhouse.io/point72/jobs/8530259002?gh_jid=8530259002
Point72,8536396002,"Project Manager, Back Office Operations","Stamford, CT",https://boards.greenhouse.io/point72/jobs/8536396002?gh_jid=8536396002
Point72,8551296002,QA Engineer,"Bengaluru, India ",https://boards.greenhouse.io/point72/jobs/8551296002?gh_jid=8551296002
Point72,7297616002,Quantitative Analyst - CIO Office,New York,https://boards.greenhouse.io/point72/jobs/7297616002?gh_jid=7297616002
Point72,7297622002,Quantitative Analyst / Software Developer,New York,https://boards.greenhouse.io/point72/jobs/7297622002?gh_jid=7297622002
Point72,7297511002,Quantitative Developer,Chicago,https://boards.greenhouse.io/point72/jobs/7297511002?gh_jid=7297511002
Point72,7297653002,Quantitative Developer - CIO Office,New York,https://boards.greenhouse.io/point72/jobs/7297653002?gh_jid=7297653002
Point72,8561446002,"Quantitative Developer, Trading Research",Warsaw,https://boards.greenhouse.io/point72/jobs/8561446002?gh_jid=8561446002
Point72,7046014002,Quantitative Finance Researcher,Taiwan,https://boards.greenhouse.io/point72/jobs/7046014002?gh_jid=7046014002
Point72,8169967002,Quantitative Portfolio Analyst – 2026 Grad ,"New York, New York",https://boards.greenhouse.io/point72/jobs/8169967002?gh_jid=8169967002
Point72,7587888002,Quantitative Researcher,London,https://boards.greenhouse.io/point72/jobs/7587888002?gh_jid=7587888002
Point72,7906984002,Quantitative Researcher,"New York, Chicago",https://boards.greenhouse.io/point72/jobs/7906984002?gh_jid=7906984002
Point72,7725294002,Quantitative Researcher,Taiwan,https://boards.greenhouse.io/point72/jobs/7725294002?gh_jid=7725294002
Point72,7752293002,Quantitative Researcher,London ,https://boards.greenhouse.io/point72/jobs/7752293002?gh_jid=7752293002
Point72,8023550002,Quantitative Researcher - Machine Learning,"New York, London, or Hong Kong",https://boards.greenhouse.io/point72/jobs/8023550002?gh_jid=8023550002
Point72,7297513002,Quantitative Researcher - Machine Learning ,New York,https://boards.greenhouse.io/point72/jobs/7297513002?gh_jid=7297513002
Point72,7297612002,Quantitative Researcher - Macro,New York,https://boards.greenhouse.io/point72/jobs/7297612002?gh_jid=7297612002
Point72,7297625002,Quantitative Researcher - Systematic Credit,"Chicago, New York",https://boards.greenhouse.io/point72/jobs/7297625002?gh_jid=7297625002
Point72,7297643002,"Quantitative Researcher, Trading Research ",New York,https://boards.greenhouse.io/point72/jobs/7297643002?gh_jid=7297643002
Point72,7825863002,Quantitative Software Developer,New York,https://boards.greenhouse.io/point72/jobs/7825863002?gh_jid=7825863002
Point72,8036928002,Quantitative Software Developer,New York,https://boards.greenhouse.io/point72/jobs/8036928002?gh_jid=8036928002
Point72,8032153002,Quantitative Software Developer,New York,https://boards.greenhouse.io/point72/jobs/8032153002?gh_jid=8032153002
Point72,8604288002,Quantitative Software Developer,Taiwan,https://boards.greenhouse.io/point72/jobs/8604288002?gh_jid=8604288002
Point72,8004302002,"Quant Researcher, Power Dispatch Modeling",Stamford/New York,https://boards.greenhouse.io/point72/jobs/8004302002?gh_jid=8004302002
Point72,8239406002,Reference Data Engineer,"Bengaluru, India",https://boards.greenhouse.io/point72/jobs/8239406002?gh_jid=8239406002
Point72,8575501002,Regulatory Reporting Analyst,United States,https://boards.greenhouse.io/point72/jobs/8575501002?gh_jid=8575501002
Point72,8602058002,Regulatory Reporting Associate,Warsaw,https://boards.greenhouse.io/point72/jobs/8602058002?gh_jid=8602058002
Point72,8595182002,Regulatory Reporting Specialist,"Stamford, CT",https://boards.greenhouse.io/point72/jobs/8595182002?gh_jid=8595182002
Point72,8374726002,Research Analyst,Singapore,https://boards.greenhouse.io/point72/jobs/8374726002?gh_jid=8374726002
Point72,8531773002,"Research Engineer, Knowledge Graph Intelligence","New York, NY",https://boards.greenhouse.io/point72/jobs/8531773002?gh_jid=8531773002
Point72,8475957002,Research Technology Support,Hong Kong,https://boards.greenhouse.io/point72/jobs/8475957002?gh_jid=8475957002
Point72,8377039002,SaaS Security Operations Engineer,Warsaw,https://boards.greenhouse.io/point72/jobs/8377039002?gh_jid=8377039002
Point72,8555525002,SDLC engineer,India,https://boards.greenhouse.io/point72/jobs/8555525002?gh_jid=8555525002
Point72,8599906002,SDLC Engineer,"New York, NY",https://boards.greenhouse.io/point72/jobs/8599906002?gh_jid=8599906002
Point72,7820104002,"Sector Analyst, MI-Data","New York, NY",https://boards.greenhouse.io/point72/jobs/7820104002?gh_jid=7820104002
Point72,8056172002,"Sector Analyst, Proprietary Research","London, UK",https://boards.greenhouse.io/point72/jobs/8056172002?gh_jid=8056172002
Point72,8568262002,Security Automation Lead,"New York, NY",https://boards.greenhouse.io/point72/jobs/8568262002?gh_jid=8568262002
Point72,8223529002,Security Operation Specialist,Warsaw,https://boards.greenhouse.io/point72/jobs/8223529002?gh_jid=8223529002
Point72,8575094002,"Senior Accounting Associate, Foundation and Community","Stamford, CT",https://boards.greenhouse.io/point72/jobs/8575094002?gh_jid=8575094002
Point72,8464113002,Senior Database Support Engineer,United States,https://boards.greenhouse.io/point72/jobs/8464113002?gh_jid=8464113002
Point72,7769261002,"Senior Data Engineer, Proprietary Research ",New York,https://boards.greenhouse.io/point72/jobs/7769261002?gh_jid=7769261002
Point72,8488736002,"Senior Mobility Engineer, End User Technology","Bengaluru, India ",https://boards.greenhouse.io/point72/jobs/8488736002?gh_jid=8488736002
Point72,8466849002,"Senior Software Engineer, Machine Learning","New York, NY",https://boards.greenhouse.io/point72/jobs/8466849002?gh_jid=8466849002
Point72,8555518002,"Service Desk Engineer, Technology","Bengaluru, India ",https://boards.greenhouse.io/point72/jobs/8555518002?gh_jid=8555518002
Point72,8445684002,"Service Desk Engineer, Technology","New York, NY; Stamford, CT",https://boards.greenhouse.io/point72/jobs/8445684002?gh_jid=8445684002
Point72,7825269002,Site Reliability Engineer,India,https://boards.greenhouse.io/point72/jobs/7825269002?gh_jid=7825269002
Point72,8464116002,Site Reliability Engineer ,"Bengaluru, India",https://boards.greenhouse.io/point72/jobs/8464116002?gh_jid=8464116002
Point72,8372908002,"Software Engineer, Back Office Systems ","Bengaluru, India ",https://boards.greenhouse.io/point72/jobs/8372908002?gh_jid=8372908002
Point72,8389781002,"Software Engineer, Bpm","Bengaluru, India",https://boards.greenhouse.io/point72/jobs/8389781002?gh_jid=8389781002
Point72,8568265002,"Software Engineer, Controllers Technology","Bengaluru, India ",https://boards.greenhouse.io/point72/jobs/8568265002?gh_jid=8568265002
Point72,8544800002,Software Engineer - Data,"New York, NY",https://boards.greenhouse.io/point72/jobs/8544800002?gh_jid=8544800002
Point72,7933630002,"Software Engineer, Data Platform",Warsaw,https://boards.greenhouse.io/point72/jobs/7933630002?gh_jid=7933630002
Point72,8452387002,"Software Engineer, Enterprise Systems",Warsaw,https://boards.greenhouse.io/point72/jobs/8452387002?gh_jid=8452387002
Point72,8467509002,"Software Engineer, EPIC Technology Services",New York,https://boards.greenhouse.io/point72/jobs/8467509002?gh_jid=8467509002
Point72,8377020002,"Software Engineer, Equities Middle Office Systems ","Bengaluru, India",https://boards.greenhouse.io/point72/jobs/8377020002?gh_jid=8377020002
Point72,8377040002,"Software Engineer, Execution Services","New York, NY",https://boards.greenhouse.io/point72/jobs/8377040002?gh_jid=8377040002
Point72,8377045002,"Software Engineer, Fundamental Research Tools",New York,https://boards.greenhouse.io/point72/jobs/8377045002?gh_jid=8377045002
Point72,8372903002,"Software Engineer, Investor and Fund Administration",India,https://boards.greenhouse.io/point72/jobs/8372903002?gh_jid=8372903002
Point72,8372904002,"Software Engineer, Investor and Fund Administration",India,https://boards.greenhouse.io/point72/jobs/8372904002?gh_jid=8372904002
Point72,8580338002,"Software Engineer, Investor And Fund Administration",United States,https://boards.greenhouse.io/point72/jobs/8580338002?gh_jid=8580338002
Point72,8372893002,"Software Engineer, Investor and Fund Administration Technology",United States,https://boards.greenhouse.io/point72/jobs/8372893002?gh_jid=8372893002
Point72,8377024002,"Software Engineer (Java), Macro Middle Office","Bengaluru, India",https://boards.greenhouse.io/point72/jobs/8377024002?gh_jid=8377024002
Point72,8060321002,"Software Engineer, Macro Quant Analytics Technology",New York; London,https://boards.greenhouse.io/point72/jobs/8060321002?gh_jid=8060321002
Point72,8514561002,"Software Engineer, Macro Technology","New York, NY; Stamford, CT",https://boards.greenhouse.io/point72/jobs/8514561002?gh_jid=8514561002
Point72,8377036002,"Software Engineer, Middle Office Systems - AI/ML","Bengaluru, India ",https://boards.greenhouse.io/point72/jobs/8377036002?gh_jid=8377036002
Point72,8428205002,"Software Engineer (.NET), Macro Middle Office","Bengaluru, India",https://boards.greenhouse.io/point72/jobs/8428205002?gh_jid=8428205002
Point72,8568266002,"Software Engineer, Risk Technology","Bengaluru, India",https://boards.greenhouse.io/point72/jobs/8568266002?gh_jid=8568266002
Point72,8147866002,"Software Engineer, Tax Technology",Warsaw,https://boards.greenhouse.io/point72/jobs/8147866002?gh_jid=8147866002
Point72,8568389002,Software Engineer - Tech,Warsaw,https://boards.greenhouse.io/point72/jobs/8568389002?gh_jid=8568389002
Point72,8363166002,"Software Engineer, Trading And Compliance Technology",Warsaw,https://boards.greenhouse.io/point72/jobs/8363166002?gh_jid=8363166002
Point72,8576953002,"Software Engineer, Treasury Technology","Bengaluru, India ",https://boards.greenhouse.io/point72/jobs/8576953002?gh_jid=8576953002
Point72,8576950002,"Software Engineer, Treasury Technology",Warsaw,https://boards.greenhouse.io/point72/jobs/8576950002?gh_jid=8576950002
Point72,8041594002,Storage and Backup Engineer ,"Bengaluru, India ",https://boards.greenhouse.io/point72/jobs/8041594002?gh_jid=8041594002
Point72,8576952002,Storage Support Engineer,United States,https://boards.greenhouse.io/point72/jobs/8576952002?gh_jid=8576952002
Point72,8506241002,"Support Engineer, Macro Technology  ","Bengaluru, India ",https://boards.greenhouse.io/point72/jobs/8506241002?gh_jid=8506241002
Point72,8445692002,"Systems Analyst, Financial Technology",New York,https://boards.greenhouse.io/point72/jobs/8445692002?gh_jid=8445692002
Point72,8128613002,"Systems Analyst, Workday HCM/Payroll ","New York, NY or Stamford, CT ",https://boards.greenhouse.io/point72/jobs/8128613002?gh_jid=8128613002
Point72,8477608002,"Tax Associate, PE/VC","Stamford, CT",https://boards.greenhouse.io/point72/jobs/8477608002?gh_jid=8477608002
Point72,8561914002,Technology Operations Analyst,Warsaw,https://boards.greenhouse.io/point72/jobs/8561914002?gh_jid=8561914002
Point72,8389780002,Third Party Risk Specialist,"New York, NY",https://boards.greenhouse.io/point72/jobs/8389780002?gh_jid=8389780002
Point72,8453384002,Trade Capture Specialist/Trading Assistant,Hong Kong,https://boards.greenhouse.io/point72/jobs/8453384002?gh_jid=8453384002
Point72,8470606002,Trader,London,https://boards.greenhouse.io/point72/jobs/8470606002?gh_jid=8470606002
Point72,7974787002,Trader,Dubai,https://boards.greenhouse.io/point72/jobs/7974787002?gh_jid=7974787002
Point72,8375066002,Trader/Quant Analyst ,"Stamford, New York",https://boards.greenhouse.io/point72/jobs/8375066002?gh_jid=8375066002
Point72,8535876002,"Trading Assistant, Hong Kong",Hong Kong,https://boards.greenhouse.io/point72/jobs/8535876002?gh_jid=8535876002
Point72,8372912002,Treasury Technology,"Bengaluru, India ",https://boards.greenhouse.io/point72/jobs/8372912002?gh_jid=8372912002
Point72,8516480002,"UHNW Tax Specialist, Family Office","Stamford, CT",https://boards.greenhouse.io/point72/jobs/8516480002?gh_jid=8516480002
Point72,8504477002,"UI Developer, Macro Front Office Technology",London,https://boards.greenhouse.io/point72/jobs/8504477002?gh_jid=8504477002
Point72,8557640002,User Access Certification Analyst,Warsaw,https://boards.greenhouse.io/point72/jobs/8557640002?gh_jid=8557640002
Point72,8560134002,User Access Certification Analyst,"Bengaluru, India",https://boards.greenhouse.io/point72/jobs/8560134002?gh_jid=8560134002
